dbSNP,construct,byallele,oligo,chr,pos,ref,alt,type,bot,top,clean,controls,CTRL.median,GATA1.median,CTRL.p,GATA1.p,CTRL.padj,GATA1.padj,CTRL.mut.p,GATA1.mut.p,CTRL.mut.padj,GATA1.mut.padj,CTRL.fc,GATA1.fc
rs2251964,1 158582552 1/2,1 158582552 1/2 Ref,1 158582552,1,158582552,G,A,Ref,1/2,1/2,var,0,0.334695921,0.159473345,0.085009789,0.224587015,0.593065182,0.862189936,0.733681373,1.85E-05,0.999405675,0.002887896,0.254826146,1.346590485
rs2251964,1 158582552 1/2,1 158582552 1/2 Mut,1 158582552,1,158582552,G,A,Mut,1/2,1/2,var,0,0.589522067,1.50606383,0.035949762,8.91E-09,0.370138009,3.35E-07,0.733681373,1.85E-05,0.999405675,0.002887896,0.254826146,1.346590485
rs6427756,1 199000727 2/3,1 199000727 2/3 Mut,1 199000727,1,199000727,A,G,Mut,2/3,1/3,var,0,0.125442933,0.349804294,0.092536947,0.052293393,0.622373573,0.356925948,0.147777713,2.10E-05,0.946642279,0.003004928,0.20033129,1.334002352
rs6427756,1 199000727 2/3,1 199000727 2/3 Ref,1 199000727,1,199000727,A,G,Ref,2/3,1/3,var,0,-0.074888357,-0.984198058,0.703717152,0.999978003,0.999999772,0.999999994,0.147777713,2.10E-05,0.946642279,0.003004928,0.20033129,1.334002352
rs1175550,1 3691528 1/2,1 3691528 1/2 Mut,1 3691528,1,3691528,A,G,Mut,1/2,1/2,var,0,1.246442556,2.81776818,1.21E-07,1.66E-26,6.23E-06,2.96E-24,0.033951103,2.18E-05,0.772918413,0.003059347,0.733089699,0.775983459
rs1175550,1 3691528 1/2,1 3691528 1/2 Ref,1 3691528,1,3691528,A,G,Ref,1/2,1/2,var,0,0.513352857,2.04178472,0.031247383,1.89E-18,0.343293967,1.62E-16,0.033951103,2.18E-05,0.772918413,0.003059347,0.733089699,0.775983459
rs1175550,1 3691528 2/3,1 3691528 2/3 Ref,1 3691528,1,3691528,A,G,Ref,2/3,1/3,var,0,0.723690443,1.363656043,0.000884864,1.01E-11,0.022797224,4.87E-10,0.165179307,6.14E-08,0.951945496,1.72E-05,0.287616347,0.787819866
rs1175550,1 3691528 2/3,1 3691528 2/3 Mut,1 3691528,1,3691528,A,G,Mut,2/3,1/3,var,0,1.01130679,2.151475909,3.19E-06,7.24E-22,0.000135789,8.05E-20,0.165179307,6.14E-08,0.951945496,1.72E-05,0.287616347,0.787819866
rs113879410,1 40073011 2/3,1 40073011 2/3 Mut,1 40073011,1,40073011,G,C,Mut,2/3,1/3,var,0,1.874529739,1.251054554,1.49E-17,1.70E-12,1.83E-15,8.79E-11,1.97E-05,1.99E-08,0.009069372,6.09E-06,1.07610767,0.989819551
rs113879410,1 40073011 2/3,1 40073011 2/3 Ref,1 40073011,1,40073011,G,C,Ref,2/3,1/3,var,0,0.798422068,0.261235003,4.65E-05,0.077766226,0.001636776,0.465140247,1.97E-05,1.99E-08,0.009069372,6.09E-06,1.07610767,0.989819551
rs901682,10 45965861 2/3,10 45965861 2/3 Ref,10 45965861,10,45965861,C,T,Ref,2/3,1/3,var,0,2.359652778,2.913017881,3.37E-22,2.51E-30,5.39E-20,7.15E-28,0.008583443,1.26E-05,0.529807224,0.002113459,0.587860808,0.789852367
rs901682,10 45965861 2/3,10 45965861 2/3 Mut,10 45965861,10,45965861,C,T,Mut,2/3,1/3,var,0,1.77179197,2.123165514,2.96E-10,1.39E-19,2.13E-08,1.32E-17,0.008583443,1.26E-05,0.529807224,0.002113459,0.587860808,0.789852367
rs189753120,10 46064445 2/3,10 46064445 2/3 Ref,10 46064445,10,46064445,G,A,Ref,2/3,1/3,var,0,0.810547696,1.302395165,5.51E-05,4.61E-11,0.001904849,2.12E-09,0.011618373,3.39E-07,0.567255983,7.59E-05,0.65415008,1.067389686
rs189753120,10 46064445 2/3,10 46064445 2/3 Mut,10 46064445,10,46064445,G,A,Mut,2/3,1/3,var,0,0.156397616,0.235005478,0.243270409,0.146905747,0.958541615,0.686485547,0.011618373,3.39E-07,0.567255983,7.59E-05,0.65415008,1.067389686
rs34144887,10 46086393 2/3,10 46086393 2/3 Ref,10 46086393,10,46086393,G,A,Ref,2/3,1/3,var,0,0.444681054,1.958489564,0.003961844,3.57E-18,0.08000172,2.97E-16,0.065317204,2.69E-05,0.876302332,0.003684462,0.410269279,0.895137771
rs34144887,10 46086393 2/3,10 46086393 2/3 Mut,10 46086393,10,46086393,G,A,Mut,2/3,1/3,var,0,0.034411774,1.063351793,0.441287386,3.11E-06,0.999999772,8.31E-05,0.065317204,2.69E-05,0.876302332,0.003684462,0.410269279,0.895137771
rs75402959,10 46092807 1/3,10 46092807 1/3 Mut,10 46092807,10,46092807,C,G,Mut,1/3,2/3,var,0,1.352958125,1.840075335,1.67E-08,4.25E-17,9.83E-07,3.29E-15,0.00049265,4.55E-09,0.126417207,1.53E-06,1.171523464,1.49008058
rs75402959,10 46092807 1/3,10 46092807 1/3 Ref,10 46092807,10,46092807,C,G,Ref,1/3,2/3,var,0,0.181434661,0.349994755,0.265088329,0.181685897,0.985466389,0.766922713,0.00049265,4.55E-09,0.126417207,1.53E-06,1.171523464,1.49008058
rs149390076,10 46096871 1/2,10 46096871 1/2 Mut,10 46096871,10,46096871,A,G,Mut,1/2,1/2,var,0,1.901922515,3.133252759,4.91E-13,3.08E-27,4.64E-11,6.53E-25,0.007455191,3.47E-06,0.514944538,0.00068104,0.929966491,0.929717426
rs149390076,10 46096871 1/2,10 46096871 1/2 Ref,10 46096871,10,46096871,A,G,Ref,1/2,1/2,var,0,0.971956024,2.203535333,0.000136027,8.61E-18,0.004283691,6.93E-16,0.007455191,3.47E-06,0.514944538,0.00068104,0.929966491,0.929717426
rs114663765,10 46096947 2/3,10 46096947 2/3 Mut,10 46096947,10,46096947,A,C,Mut,2/3,1/3,var,0,1.372956344,1.574742242,8.56E-11,1.88E-14,6.65E-09,1.16E-12,3.64E-07,6.49E-11,0.000349056,3.35E-08,1.443966929,1.310877184
rs114663765,10 46096947 2/3,10 46096947 2/3 Ref,10 46096947,10,46096947,A,C,Ref,2/3,1/3,var,0,2.816923272,2.885619426,1.07E-27,4.67E-31,2.70E-25,1.44E-28,3.64E-07,6.49E-11,0.000349056,3.35E-08,1.443966929,1.310877184
rs1638564,11 67223920 1/3,11 67223920 1/3 Ref,11 67223920,11,67223920,C,G,Ref,1/3,2/3,var,0,0.386291855,0.434517243,0.064386882,0.023225789,0.506889202,0.203799172,0.139760271,1.41E-07,0.946642279,3.50E-05,0.281865822,0.718885711
rs1638564,11 67223920 1/3,11 67223920 1/3 Mut,11 67223920,11,67223920,C,G,Mut,1/3,2/3,var,0,0.668157676,1.153402954,0.000894098,9.86E-11,0.02299737,4.44E-09,0.139760271,1.41E-07,0.946642279,3.50E-05,0.281865822,0.718885711
rs2251536,11 8853177 1/2,11 8853177 1/2 Mut,11 8853177,11,8853177,G,C,Mut,1/2,1/2,var,0,1.690773855,0.710279059,1.33E-10,0.000142693,1.01E-08,0.002805583,4.01E-07,0.003070313,0.000349056,0.113049523,1.607012016,0.81419514
rs2251536,11 8853177 1/2,11 8853177 1/2 Ref,11 8853177,11,8853177,G,C,Ref,1/2,1/2,var,0,0.083761839,-0.103916082,0.722680344,0.678982873,0.999999772,0.999999994,4.01E-07,0.003070313,0.000349056,0.113049523,1.607012016,0.81419514
rs2251536,11 8853177 1/3,11 8853177 1/3 Ref,11 8853177,11,8853177,G,C,Ref,1/3,2/3,var,0,-1.146628934,-0.741726925,0.999810473,0.979822022,0.999999772,0.999999994,9.25E-08,2.07E-05,0.000103468,0.003004928,2.727603961,2.056324405
rs2251536,11 8853177 1/3,11 8853177 1/3 Mut,11 8853177,11,8853177,G,C,Mut,1/3,2/3,var,0,1.580975027,1.31459748,1.90E-07,6.28E-06,9.45E-06,0.000160429,9.25E-08,2.07E-05,0.000103468,0.003004928,2.727603961,2.056324405
rs2251536,11 8853177 2/3,11 8853177 2/3 Ref,11 8853177,11,8853177,G,C,Ref,2/3,1/3,var,0,-0.644719196,-0.523892022,0.963561458,0.982249695,0.999999772,0.999999994,1.12E-06,7.15E-06,0.000727661,0.001265248,2.195471245,1.573183036
rs2251536,11 8853177 2/3,11 8853177 2/3 Mut,11 8853177,11,8853177,G,C,Mut,2/3,1/3,var,0,1.550752049,1.049291014,1.21E-08,1.14E-06,7.26E-07,3.23E-05,1.12E-06,7.15E-06,0.000727661,0.001265248,2.195471245,1.573183036
rs7123861,11 8892323 1/3,11 8892323 1/3 Mut,11 8892323,11,8892323,G,A,Mut,1/3,2/3,var,0,0.311916827,0.173932322,0.156609952,0.182250472,0.795263484,0.768272408,0.002909316,9.62E-06,0.326333131,0.001658183,0.572479994,0.674871319
rs7123861,11 8892323 1/3,11 8892323 1/3 Ref,11 8892323,11,8892323,G,A,Ref,1/3,2/3,var,0,0.884396821,0.84880364,8.39E-06,4.16E-07,0.000333931,1.26E-05,0.002909316,9.62E-06,0.326333131,0.001658183,0.572479994,0.674871319
rs7123861,11 8892323 2/3,11 8892323 2/3 Ref,11 8892323,11,8892323,G,A,Ref,2/3,1/3,var,0,1.696951911,1.393051622,2.02E-13,1.16E-13,1.97E-11,6.79E-12,4.24E-05,5.04E-07,0.017442281,0.000109217,1.288979416,1.03312643
rs7123861,11 8892323 2/3,11 8892323 2/3 Mut,11 8892323,11,8892323,G,A,Mut,2/3,1/3,var,0,0.407972495,0.359925192,0.0306932,0.04027258,0.339856251,0.298618517,4.24E-05,5.04E-07,0.017442281,0.000109217,1.288979416,1.03312643
rs11438927,12 121183873 1/3,12 121183873 1/3 Mut,12 121183873,12,121183873,G,GC,Mut,1/3,2/3,var,0,-0.142054662,-0.502575777,0.511781236,0.97379899,0.999999772,0.999999994,0.000442274,1.00E-09,0.121454532,4.20E-07,1.515396305,2.436343816
rs11438927,12 121183873 1/3,12 121183873 1/3 Ref,12 121183873,12,121183873,G,GC,Ref,1/3,2/3,var,0,1.373341643,1.933768039,1.32E-07,4.87E-14,6.74E-06,2.92E-12,0.000442274,1.00E-09,0.121454532,4.20E-07,1.515396305,2.436343816
rs55935819,12 2521579 1/3,12 2521579 1/3 Ref,12 2521579,12,2521579,G,A,Ref,1/3,2/3,var,0,0.520348074,1.076957022,0.024527994,4.72E-08,0.295009794,1.58E-06,0.017727554,1.64E-05,0.675156698,0.002622936,0.889118899,1.157470051
rs55935819,12 2521579 1/3,12 2521579 1/3 Mut,12 2521579,12,2521579,G,A,Mut,1/3,2/3,var,0,-0.368770825,-0.080513028,0.917315745,0.624653883,0.999999772,0.999999994,0.017727554,1.64E-05,0.675156698,0.002622936,0.889118899,1.157470051
rs144405020,14 103835159 1/3,14 103835159 1/3 Ref,14 103835159,14,103835159,T,C,Ref,1/3,2/3,var,0,0.607220196,0.669786949,0.000636072,0.000139346,0.016829616,0.002753576,0.217791947,6.63E-05,0.970683612,0.008106259,0.568940986,0.753780444
rs144405020,14 103835159 1/3,14 103835159 1/3 Mut,14 103835159,14,103835159,T,C,Mut,1/3,2/3,var,0,1.176161182,1.423567392,2.98E-06,8.44E-13,0.000127069,4.50E-11,0.217791947,6.63E-05,0.970683612,0.008106259,0.568940986,0.753780444
rs144405020,14 103835159 2/3,14 103835159 2/3 Mut,14 103835159,14,103835159,T,C,Mut,2/3,1/3,var,0,1.0559167,1.74313146,8.90E-07,1.42E-16,4.06E-05,1.06E-14,0.229868283,7.32E-05,0.974382837,0.008779994,0.345631633,0.750487925
rs144405020,14 103835159 2/3,14 103835159 2/3 Ref,14 103835159,14,103835159,T,C,Ref,2/3,1/3,var,0,0.710285066,0.992643535,0.000360242,1.28E-06,0.010165817,3.62E-05,0.229868283,7.32E-05,0.974382837,0.008779994,0.345631633,0.750487925
rs3785098,16 67993643 1/2,16 67993643 1/2 Mut,16 67993643,16,67993643,T,C,Mut,1/2,1/2,var,0,3.715499393,4.347989579,6.32E-36,1.62E-35,2.48E-33,1.11E-32,0.002192682,4.57E-05,0.28045439,0.005693601,1.174642212,0.965989822
rs3785098,16 67993643 1/2,16 67993643 1/2 Ref,16 67993643,16,67993643,T,C,Ref,1/2,1/2,var,0,2.540857181,3.381999757,6.28E-26,1.02E-31,1.41E-23,3.33E-29,0.002192682,4.57E-05,0.28045439,0.005693601,1.174642212,0.965989822
rs3785098,16 67993643 1/3,16 67993643 1/3 Mut,16 67993643,16,67993643,T,C,Mut,1/3,2/3,var,0,3.232118169,4.049534574,5.80E-35,1.72E-36,2.17E-32,1.73E-33,0.000165187,4.99E-06,0.057459267,0.000906591,0.738031248,0.865448826
rs3785098,16 67993643 1/3,16 67993643 1/3 Ref,16 67993643,16,67993643,T,C,Ref,1/3,2/3,var,0,2.494086921,3.184085748,1.78E-21,4.48E-29,2.71E-19,1.13E-26,0.000165187,4.99E-06,0.057459267,0.000906591,0.738031248,0.865448826
rs3785098,16 67993643 2/3,16 67993643 2/3 Mut,16 67993643,16,67993643,T,C,Mut,2/3,1/3,var,0,2.33774632,2.611043682,2.64E-24,7.32E-27,4.87E-22,1.40E-24,0.001888539,1.46E-07,0.257068647,3.50E-05,0.613931972,0.794803294
rs3785098,16 67993643 2/3,16 67993643 2/3 Ref,16 67993643,16,67993643,T,C,Ref,2/3,1/3,var,0,1.723814349,1.816240389,1.98E-14,9.33E-17,2.06E-12,7.04E-15,0.001888539,1.46E-07,0.257068647,3.50E-05,0.613931972,0.794803294
rs9901219,17 37558369 1/3,17 37558369 1/3 Mut,17 37558369,17,37558369,T,G,Mut,1/3,2/3,var,0,0.243954085,0.442046773,0.147862201,0.017551334,0.780908829,0.163937375,0.254550877,2.88E-05,0.983706847,0.003792727,0.097271121,1.163979723
rs9901219,17 37558369 1/3,17 37558369 1/3 Ref,17 37558369,17,37558369,T,G,Ref,1/3,2/3,var,0,0.146682964,-0.72193295,0.468583787,0.999619205,0.999999772,0.999999994,0.254550877,2.88E-05,0.983706847,0.003792727,0.097271121,1.163979723
rs2269907,17 42294215 1/3,17 42294215 1/3 Mut,17 42294215,17,42294215,G,A,Mut,1/3,2/3,var,0,1.484848996,1.229699774,8.83E-08,4.16E-08,4.66E-06,1.40E-06,1.19E-05,1.25E-07,0.006381451,3.35E-05,1.626852646,1.966699423
rs2269907,17 42294215 1/3,17 42294215 1/3 Ref,17 42294215,17,42294215,G,A,Ref,1/3,2/3,var,0,-0.14200365,-0.736999648,0.813777685,0.995951759,0.999999772,0.999999994,1.19E-05,1.25E-07,0.006381451,3.35E-05,1.626852646,1.966699423
rs4490057,17 76375095 1/3,17 76375095 1/3 Mut,17 76375095,17,76375095,A,G,Mut,1/3,2/3,var,0,0.88669812,1.892096508,9.20E-06,4.93E-19,0.000364512,4.33E-17,0.009245655,3.43E-09,0.537733193,1.28E-06,0.667875611,1.205619852
rs4490057,17 76375095 1/3,17 76375095 1/3 Ref,17 76375095,17,76375095,A,G,Ref,1/3,2/3,var,0,0.218822509,0.686476656,0.135583348,4.60E-05,0.74511479,0.001008443,0.009245655,3.43E-09,0.537733193,1.28E-06,0.667875611,1.205619852
rs4490057,17 76375095 2/3,17 76375095 2/3 Ref,17 76375095,17,76375095,A,G,Ref,2/3,1/3,var,0,1.850801678,2.371892086,3.81E-16,9.06E-24,4.33E-14,1.17E-21,6.60E-06,6.77E-10,0.003973628,3.04E-07,1.087927394,1.118234279
rs4490057,17 76375095 2/3,17 76375095 2/3 Mut,17 76375095,17,76375095,A,G,Mut,2/3,1/3,var,0,2.938729071,3.490126365,6.40E-33,3.51E-34,2.14E-30,1.67E-31,6.60E-06,6.77E-10,0.003973628,3.04E-07,1.087927394,1.118234279
rs6507680,18 43766986 1/2,18 43766986 1/2 Mut,18 43766986,18,43766986,A,C,Mut,1/2,1/2,var,0,2.408405018,1.578681358,1.51E-18,9.30E-12,1.97E-16,4.50E-10,1.30E-05,1.95E-05,0.006381451,0.00291619,1.514756667,1.975156768
rs6507680,18 43766986 1/2,18 43766986 1/2 Ref,18 43766986,18,43766986,A,C,Ref,1/2,1/2,var,0,3.923161686,3.553838126,1.61E-31,5.11E-24,4.96E-29,6.86E-22,1.30E-05,1.95E-05,0.006381451,0.00291619,1.514756667,1.975156768
rs6507680,18 43766986 1/3,18 43766986 1/3 Ref,18 43766986,18,43766986,A,C,Ref,1/3,2/3,var,0,3.61076564,3.316637636,1.47E-31,4.89E-27,4.62E-29,9.84E-25,0.000561583,1.38E-07,0.135237938,3.50E-05,1.037670393,1.250420853
rs6507680,18 43766986 1/3,18 43766986 1/3 Mut,18 43766986,18,43766986,A,C,Mut,1/3,2/3,var,0,2.573095247,2.066216783,2.54E-21,1.28E-15,3.83E-19,8.91E-14,0.000561583,1.38E-07,0.135237938,3.50E-05,1.037670393,1.250420853
rs34068795,18 43833701 2/3,18 43833701 2/3 Mut,18 43833701,18,43833701,T,TCTG,Mut,2/3,1/3,var,0,2.372180136,1.58267118,1.18E-21,2.65E-11,1.83E-19,1.23E-09,4.46E-05,3.55E-06,0.017442281,0.00068104,1.970609963,2.310499271
rs34068795,18 43833701 2/3,18 43833701 2/3 Ref,18 43833701,18,43833701,T,TCTG,Ref,2/3,1/3,var,0,0.401570173,-0.727828091,0.049413134,0.889729207,0.443530938,0.999999994,4.46E-05,3.55E-06,0.017442281,0.00068104,1.970609963,2.310499271
rs8108621,19 33183291 2/3,19 33183291 2/3 Ref,19 33183291,19,33183291,G,A,Ref,2/3,1/3,var,0,3.378777993,2.823520668,9.99E-34,5.25E-29,3.41E-31,1.31E-26,0.013406958,2.83E-05,0.594501751,0.003792727,0.513990835,0.90185742
rs8108621,19 33183291 2/3,19 33183291 2/3 Mut,19 33183291,19,33183291,G,A,Mut,2/3,1/3,var,0,2.864787158,1.921663249,1.69E-25,1.17E-19,3.63E-23,1.12E-17,0.013406958,2.83E-05,0.594501751,0.003792727,0.513990835,0.90185742
rs760369,19 4449287 2/3,19 4449287 2/3 Ref,19 4449287,19,4449287,T,C,Ref,2/3,1/3,var,0,0.354410141,0.525278529,0.046932303,0.005870476,0.432394497,0.070097233,0.190685177,4.14E-05,0.961538823,0.005247738,0.340438585,0.619861774
rs760369,19 4449287 2/3,19 4449287 2/3 Mut,19 4449287,19,4449287,T,C,Mut,2/3,1/3,var,0,0.694848726,1.145140303,0.001432497,3.52E-08,0.034262,1.20E-06,0.190685177,4.14E-05,0.961538823,0.005247738,0.340438585,0.619861774
rs13034231,2 60677968 2/3,2 60677968 2/3 Mut,2 60677968,2,60677968,C,A,Mut,2/3,1/3,var,0,-0.167384953,-0.331960651,0.812674511,0.978149237,0.999999772,0.999999994,0.003872841,2.27E-06,0.396219492,0.000461576,0.655031637,1.147440497
rs13034231,2 60677968 2/3,2 60677968 2/3 Ref,2 60677968,2,60677968,C,A,Ref,2/3,1/3,var,0,0.487646683,0.815479846,0.002226803,6.38E-05,0.049418026,0.001355323,0.003872841,2.27E-06,0.396219492,0.000461576,0.655031637,1.147440497
rs737092,20 55990405 1/2,20 55990405 1/2 Mut,20 55990405,20,55990405,T,C,Mut,1/2,1/2,var,0,0.298521175,0.353587011,0.180158464,0.058237149,0.848486138,0.384086115,0.09935553,2.52E-08,0.920364648,7.36E-06,0.328235892,1.177242874
rs737092,20 55990405 1/2,20 55990405 1/2 Ref,20 55990405,20,55990405,T,C,Ref,1/2,1/2,var,0,0.626757067,1.530829885,0.002388046,1.12E-12,0.05255041,5.94E-11,0.09935553,2.52E-08,0.920364648,7.36E-06,0.328235892,1.177242874
rs737092,20 55990405 1/3,20 55990405 1/3 Ref,20 55990405,20,55990405,T,C,Ref,1/3,2/3,var,0,0.632673551,1.604068814,0.000351189,1.26E-14,0.009928199,7.91E-13,0.04347269,3.74E-05,0.82917541,0.004835648,0.392272975,0.82115573
rs737092,20 55990405 1/3,20 55990405 1/3 Mut,20 55990405,20,55990405,T,C,Mut,1/3,2/3,var,0,0.240400576,0.782913085,0.134421264,2.64E-05,0.74210754,0.000605407,0.04347269,3.74E-05,0.82917541,0.004835648,0.392272975,0.82115573
rs3821710,3 141301451 2/3,3 141301451 2/3 Ref,3 141301451,3,141301451,G,A,Ref,2/3,1/3,var,0,0.399105608,1.286453199,0.018980847,9.97E-09,0.246531036,3.71E-07,2.40E-11,1.75E-06,9.40E-08,0.000367314,2.636612754,1.225792697
rs3821710,3 141301451 2/3,3 141301451 2/3 Mut,3 141301451,3,141301451,G,A,Mut,2/3,1/3,var,0,3.035718362,2.512245896,9.40E-27,2.26E-25,2.27E-24,3.58E-23,2.40E-11,1.75E-06,9.40E-08,0.000367314,2.636612754,1.225792697
rs9386791,6 109608497 1/2,6 109608497 1/2 Ref,6 109608497,6,109608497,C,T,Ref,1/2,1/2,var,0,1.482900121,1.385241558,1.16E-09,1.99E-13,7.77E-08,1.14E-11,0.000986369,1.64E-05,0.173479105,0.002622936,1.036886688,1.044598174
rs9386791,6 109608497 1/2,6 109608497 1/2 Mut,6 109608497,6,109608497,C,T,Mut,1/2,1/2,var,0,0.446013433,0.340643385,0.013148652,0.033463113,0.192321925,0.264102736,0.000986369,1.64E-05,0.173479105,0.002622936,1.036886688,1.044598174
rs143096635,6 109611897 2/3,6 109611897 2/3 Ref,6 109611897,6,109611897,T,TGGCCCC,Ref,2/3,1/3,var,0,0.362422746,0.081630424,0.180030223,0.699884358,0.848486138,0.999999994,0.058457726,1.92E-05,0.859333558,0.00291619,0.262736909,0.905158842
rs143096635,6 109611897 2/3,6 109611897 2/3 Mut,6 109611897,6,109611897,T,TGGCCCC,Mut,2/3,1/3,var,0,0.625159654,0.986789266,0.000265738,2.04E-07,0.007793312,6.41E-06,0.058457726,1.92E-05,0.859333558,0.00291619,0.262736909,0.905158842
rs1546723,6 109625879 1/2,6 109625879 1/2 Mut,6 109625879,6,109625879,G,A,Mut,1/2,1/2,var,0,2.091209774,2.210044378,5.96E-20,9.33E-27,8.14E-18,1.74E-24,1.23E-05,1.66E-07,0.006381451,3.84E-05,0.897358647,0.648786181
rs1546723,6 109625879 1/2,6 109625879 1/2 Ref,6 109625879,6,109625879,G,A,Ref,1/2,1/2,var,0,1.193851127,1.561258197,4.49E-07,4.16E-14,2.14E-05,2.50E-12,1.23E-05,1.66E-07,0.006381451,3.84E-05,0.897358647,0.648786181
rs1546723,6 109625879 2/3,6 109625879 2/3 Ref,6 109625879,6,109625879,G,A,Ref,2/3,1/3,var,0,0.801490311,1.130839882,0.000987575,5.01E-09,0.024951783,1.94E-07,7.53E-07,1.74E-08,0.000535861,5.57E-06,1.437754906,1.330334923
rs1546723,6 109625879 2/3,6 109625879 2/3 Mut,6 109625879,6,109625879,G,A,Mut,2/3,1/3,var,0,2.239245217,2.461174805,1.02E-20,1.90E-25,1.50E-18,3.05E-23,7.53E-07,1.74E-08,0.000535861,5.57E-06,1.437754906,1.330334923
rs7767676,6 16252479 1/3,6 16252479 1/3 Mut,6 16252479,6,16252479,C,T,Mut,1/3,2/3,var,0,1.443821303,1.437245993,0.000507219,3.08E-08,0.013744843,1.07E-06,0.208962283,7.60E-05,0.968294327,0.008957848,1.051096421,1.599722781
rs7767676,6 16252479 1/3,6 16252479 1/3 Ref,6 16252479,6,16252479,C,T,Ref,1/3,2/3,var,0,0.392724882,-0.162476787,0.041329884,0.652527789,0.403200225,0.999999994,0.208962283,7.60E-05,0.968294327,0.008957848,1.051096421,1.599722781
rs13191314,6 27691171 2/3,6 27691171 2/3 Ref,6 27691171,6,27691171,C,A,Ref,2/3,1/3,var,0,0.203055448,0.562816982,0.259922619,0.004156555,0.979506746,0.05310777,0.038777534,8.22E-05,0.807775799,0.009525931,0.760928227,1.693618201
rs13191314,6 27691171 2/3,6 27691171 2/3 Mut,6 27691171,6,27691171,C,A,Mut,2/3,1/3,var,0,-0.557872779,-1.130801219,0.973660739,0.999361612,0.999999772,0.999999994,0.038777534,8.22E-05,0.807775799,0.009525931,0.760928227,1.693618201
